鄉鎮市�,amount.x,...1,Unnamed..0,學校級�,代碼,School,City,地址,電話,地區屬�,longitude,latitude,newLat,newLng,isInServic,inServiceU,amount.y
士林區,1794,2495,2495,國民小學,413615,市立天母國小,臺北市,[111]臺北市士林區天玉里天玉街12號,(02)28723336,NA,121.527457,25.119736,25.1197914,121.5275331,1,1,1794
大同區,1000,2420,2420,國民小學,363605,市立雙蓮國小,臺北市,[103]臺北市大同區民權里錦西街51號,(02)25570309,NA,121.516672,25.060118,25.0601292,121.5167604,1,1,1000
大安區,2329,2391,2391,國民小學,333605,市立仁愛國小,臺北市,[106]臺北市大安區敦安里安和路1段60號,(02)27095010,NA,121.552386,25.035792,25.033995,121.552172,1,1,2329
中山區,1532,2397,2397,國民小學,343601,市立中山國小,臺北市,[104]臺北市中山區恆安里民權東路1段69號,(02)25914085,NA,121.526315,25.062914,25.0621027,121.5378875,1,1,1532
中正區,1806,2413,2413,國民小學,353606,市立東門國小,臺北市,[100]臺北市中正區東門里仁愛路一段2-4號,(02)23412822,NA,121.520643,25.038022,25.038555,121.5218006,1,1,1806
內湖區,1854,2470,2470,國民小學,403604,市立東湖國小,臺北市,[114]臺北市內湖區東湖里東湖路115號,(02)26339984,NA,121.615782,25.06854,25.0690833,121.616145,1,1,1854
文山區,1511,2438,2438,國民小學,381601,私立靜心小學,臺北市,[116]臺北市文山區興福里興隆路2段46號,(02)29323118,NA,121.546673,24.99896,24.9985757,121.5470355,1,1,1511
北投區,2417,2503,2503,國民小學,423603,市立石牌國小,臺北市,[112]臺北市北投區吉利里致遠二路80號,(02)28227484,NA,121.511745,25.11569,25.1156862,121.5117748,1,1,2417
松山區,2188,2368,2368,國民小學,313604,市立敦化國小,臺北市,[105]臺北市松山區中正里敦化北路2號,(02)27414065,NA,121.548541,25.049103,25.0491723,121.5485239,1,1,2188
信義區,2051,2382,2382,國民小學,323609,市立博愛國小,臺北市,[110]臺北市信義區松仁路22鄰95巷20號,(02)23450616,NA,121.571139,25.036444,25.0395323,121.5675875,1,1,2051
南港區,1369,2460,2460,國民小學,393601,市立南港國小,臺北市,[115]臺北市南港區三重里惠民街67號,(02)27834678,NA,121.610426,25.057483,25.0574474,121.610126,1,1,1369
萬華區,1117,2425,2425,國民小學,371601,私立光仁小學,臺北市,[108]臺北市萬華區壽德里萬大路423巷15號,(02)23032874,NA,121.499739,25.021337,25.0216581,121.4995811,1,1,1117
大甲區,1330,746,746,國民小學,64665,市立大甲國小,臺中市,[437]臺中市大甲區文武里育德路233號,(04)26872048,NA,120.825113,24.505323,24.3511578,120.626394,1,1,1330
大安區,220,763,763,國民小學,64682,市立大安國小,臺中市,[439]臺中市大安區中庄里中山南路296號,(04)26713166,NA,120.711465,24.301472,24.3446936,120.5882533,1,1,220
大肚區,966,781,781,國民小學,64700,市立大肚國小,臺中市,[432]臺中市大肚區頂街里華山路77號,(04)26992016,NA,120.535156,24.072469,24.162799,120.543284,1,1,966
大里區,1983,789,789,國民小學,64708,市立塗城國小,臺中市,[412]臺中市大里區仁德里文化街120號,(04)24922935,NA,120.82431,24.564225,24.0928822,120.7002666,1,1,1983
大雅區,1668,701,701,國民小學,64620,市立大雅國小,臺中市,[428]臺中市大雅區二和里學府路230號,(04)25667766,NA,120.677612,24.11118,24.2221578,120.6499832,1,1,1668
中區,658,2234,2234,國民小學,193601,市立中區光復國小,臺中市,[400]臺中市中區三民路二段148號,(04)22294174,NA,120.681722,24.143926,24.144027,120.6814649,1,1,658
太平區,1756,831,831,國民小學,64750,市立新平國小,臺中市,[411]臺中市太平區樹孝路336巷9號,(04)23914533,NA,120.757675,24.557486,24.1547749,120.719806,1,1,1756
北屯區,1898,2293,2293,國民小學,193660,市立仁美國小,臺中市,[406]臺中市北屯區崇德路三段568號,(04)24211136,NA,120.686824,24.192226,24.1917963,120.686661,1,1,1898
北區,2004,2287,2287,國民小學,193654,市立賴厝國小,臺中市,[404]臺中市北區漢口路四段168號,(04)22302388,NA,120.678705,24.166536,24.1669163,120.6786554,1,1,2004
外埔區,761,711,711,國民小學,64630,市立外埔國小,臺中市,[438]臺中市外埔區大同里外埔路878號,(04)26832865,NA,120.827271,24.260237,24.3323455,120.6536055,1,1,761
后里區,1410,690,690,國民小學,64609,市立內埔國小,臺中市,[421]臺中市后里區文化路30號,(04)25562003,NA,120.710025,24.21244,24.3070668,120.714965,1,1,1410
西屯區,1822,2257,2257,國民小學,193624,市立西屯區永安國小,臺中市,[407]臺中市西屯區西屯路三段133號,(04)24624470,NA,120.624741,24.184434,24.1848454,120.6250818,1,1,1822
西區,1880,2277,2277,國民小學,193644,市立大勇國小,臺中市,[403]臺中市西區忠明南路515號,(04)23755959,NA,120.657802,24.134485,24.1344203,120.6575022,1,1,1880
沙鹿區,1884,759,759,國民小學,64678,市立北勢國小,臺中市,[433]臺中市沙鹿區六路里南陽路376號,(04)26315032,NA,120.704019,24.239767,24.2169017,120.5715525,1,1,1884
東區,1245,2239,2239,國民小學,193606,市立力行國小,臺中市,[401]臺中市東區進化路223號,(04)23604412,NA,120.693933,24.150695,24.1507852,120.6941854,1,1,1245
東勢區,747,716,716,國民小學,64635,市立東勢國小,臺中市,[423]臺中市東勢區廣興里第五橫街1號,(04)25873442,NA,120.990551,24.765726,24.2585211,120.8315558,1,1,747
南屯區,2563,2289,2289,國民小學,193656,市立惠文國小,臺中市,[408]臺中市南屯區公益路二段300號,(04)22596907,NA,120.638105,24.152165,24.1516645,120.6383031,1,1,2563
南區,1677,2290,2290,國民小學,193657,市立樹義國小,臺中市,[402]臺中市南區福田路11號,(04)22657298,NA,120.657403,24.11197,24.1114904,120.6573105,1,1,1677
烏日區,1183,824,824,國民小學,64743,市立九德國小,臺中市,[414]臺中市烏日區長春街300號,(04)23366540,NA,120.708963,24.559298,24.1096853,120.6384379,1,1,1183
神岡區,1162,698,698,國民小學,64617,市立社口國小,臺中市,[429]臺中市神岡區社南里社南街136號,(04)25626834,NA,120.719165,24.079751,24.2449585,120.6860126,1,1,1162
梧棲區,1240,838,838,國民小學,64757,市立大德國小,臺中市,[435]臺中市梧棲區大村里文昌路343號,(04)26568928,NA,120.935011,24.686117,24.2435748,120.5426484,1,1,1240
清水區,1607,733,733,國民小學,64652,市立清水國小,臺中市,[436]臺中市清水區光華路125號,(04)26222004,NA,121.005699,24.830828,24.2671062,120.5734521,1,1,1607
潭子區,1815,841,841,國民小學,64760,市立頭家國小,臺中市,[427]臺中市潭子區得福街185號,(04)25325532,NA,120.912928,24.675119,24.1970044,120.6961749,1,1,1815
龍井區,848,773,773,國民小學,64692,市立龍峰國小,臺中市,[434]臺中市龍井區新庄里中沙路2號,(04)26314707,NA,120.64383,24.229084,24.1795566,120.5760346,1,1,848
豐原區,2732,684,684,國民小學,64603,市立南陽國小,臺中市,[420]臺中市豐原區中陽里南陽路440號,(04)25222521,NA,120.529644,24.184333,24.2483824,120.722747,1,1,2732
霧峰區,999,793,793,國民小學,64712,市立霧峰國小,臺中市,[413]臺中市霧峰區中正路736號,(04)23393069,NA,120.827259,24.572949,24.0569376,120.6978555,1,1,999
大甲區,59,752,752,國民小學,64671,市立東明國小,臺中市,[437]臺中市大甲區幸福里東明路93號,(04)26814404,偏遠,120.721218,24.255394,24.3747868,120.6804875,1,0,59
大安區,113,766,766,國民小學,64685,市立大安區永安國小,臺中市,[439]臺中市大安區永安里東西四路252號,(04)26874931,偏遠,120.660782,24.258379,24.3822593,120.606247,1,0,113
太平區,95,808,808,國民小學,64727,市立頭汴國小,臺中市,[411]臺中市太平區頭汴里北田路20號,(04)22703129#82,NA,120.785795,24.464505,24.1230988,120.7514622,1,0,95
北屯區,215,2270,2270,國民小學,193637,市立北屯區大坑國小,臺中市,[406]臺中市北屯區東山路二段112號,(04)22390748,偏遠,120.748181,24.195971,24.1963669,120.7478171,1,0,215
外埔區,58,713,713,國民小學,64632,市立鐵山國小,臺中市,[438]臺中市外埔區鐵山里長生路576號,(04)26835033,偏遠,120.716408,24.112971,24.3490012,120.6567071,1,0,58
石岡區,269,724,724,國民小學,64643,市立石岡國小,臺中市,[422]臺中市石岡區石岡里石岡街123號,(04)25723006,NA,121.208948,24.677794,24.2764836,120.7739314,1,0,269
沙鹿區,61,761,761,國民小學,64680,市立公館國小,臺中市,[433]臺中市沙鹿區西勢里中航路2段1號,(04)26154353,NA,120.729432,24.309983,24.2604779,120.5956488,1,0,61
東勢區,81,719,719,國民小學,64638,市立東勢區成功國小,臺中市,[423]臺中市東勢區慶東里東關路298號,(04)25852040,偏遠,121.020433,24.689114,24.2079072,120.8396209,1,0,81
清水區,125,740,740,國民小學,64659,市立大楊國小,臺中市,[436]臺中市清水區楊厝里鱉海路325號,(04)26200634,偏遠,120.911789,24.694785,24.2894947,120.6056064,1,0,125
新社區,488,726,726,國民小學,64645,市立新社國小,臺中市,[426]臺中市新社區新社里興社街4段1巷2號,(04)25811204,NA,121.301204,24.660115,24.2407254,120.8096693,1,0,488
龍井區,85,771,771,國民小學,64690,市立龍港國小,臺中市,[434]臺中市龍井區麗水里三港路1號,(04)26395586,偏遠,120.651106,24.222238,24.1984604,120.50125,1,0,85
霧峰區,352,830,830,國民小學,64749,市立吉峰國小,臺中市,[413]臺中市霧峰區吉峰里民生路349號,(04)23300893,NA,120.727834,24.425579,24.0797509,120.7188512,1,0,352
臺東市,1016,1925,1925,國民小學,140601,國立臺東大學附小,臺東縣,[950]臺東縣臺東市博愛路345號,(089)322047,偏遠,120.719029,23.128565,22.755107,121.147499,1,1,1016
池上鄉,176,1972,1972,國民小學,144651,縣立福原國小,臺東縣,[958]臺東縣池上鄉福原村中華路17號,(089)862017,偏遠,120.458658,22.570627,23.1248912,121.2155234,1,0,176
卑南鄉,76,1951,1951,國民小學,144627,縣立大南國小,臺東縣,[954]臺東縣卑南鄉東興村東園一街40號,(089)382402,偏遠,120.498791,22.669079,22.7641509,121.0433657,1,0,76
海端鄉,52,2005,2005,國民小學,144695,縣立初來國小,臺東縣,[957]臺東縣海端鄉海端村七鄰5號,(08)9931049,偏遠,120.629386,22.322624,23.1305611,121.1756856,1,0,52
關山鎮,28,1970,1970,國民小學,144649,縣立德高國小,臺東縣,[956]臺東縣關山鎮德高里7鄰永豐16號,(08)9931149,偏遠,120.480252,22.562159,23.0738293,121.1777501,1,0,28
馬公市,658,2151,2151,國民小學,164645,縣立文澳國小,澎湖縣,[880]澎湖縣馬公市西文里文學路221號,(06)9212412,偏遠,119.583207,23.564518,23.5652977,119.5830328,1,1,658
馬公市,80,2124,2124,國民小學,164609,縣立五德國小,澎湖縣,[880]澎湖縣馬公市五德里32號,(06)9951327,偏遠,119.590752,23.527648,23.5267315,119.5876075,1,0,80
湖西鄉,75,2130,2130,國民小學,164616,縣立湖西國小,澎湖縣,[885]澎湖縣湖西鄉湖西村151號,(06)9921008,偏遠,119.662177,23.584355,23.5823171,119.6571596,1,0,75
金城鎮,1170,2607,2607,國民小學,714603,縣立中正國小,金門縣,[893]金門縣金城鎮珠浦北路38號,(082)325645,NA,118.316875,24.434782,24.4341414,118.3168436,1,0,1170
金湖鎮,604,2605,2605,國民小學,714601,縣立金湖國小,金門縣,[891]金門縣金湖鎮新市里林森路12號,(082)335977,NA,118.415547,24.442807,24.4426125,118.4151678,1,0,604
金寧鄉,351,2618,2618,國民小學,714614,縣立金鼎國小,金門縣,[892]金門縣金寧鄉盤山村下堡123號,(082)325700,偏遠,118.337847,24.447709,24.4467932,118.3432727,1,0,351
七股區,53,1523,1523,國民小學,114691,市立大文國小,臺南市,[724]臺南市七股區大寮里36之2號,(06)7872730,偏遠,120.451251,23.707508,23.1457093,120.1524351,1,1,53
中西區,998,2318,2318,國民小學,210601,國立臺南大學附小,臺南市,[700]臺南市中西區樹林街二段31號,(06)2132566,NA,120.208999,22.985972,22.9861819,120.2094693,1,1,998
仁德區,994,1441,1441,國民小學,114601,市立仁德國小,臺南市,[717]臺南市仁德區中正路二段806號,(06)2794570,NA,120.927625,23.562256,22.9620834,120.2537851,1,1,994
北區,2395,2361,2361,國民小學,213642,市立文元國小,臺南市,[704]臺南市北區海安路三段815號,(06)3584371,NA,120.199951,23.015355,23.0154281,120.2000907,1,1,2395
永康區,2325,1461,1461,國民小學,114623,市立永康國小,臺南市,[710]臺南市永康區永康里中山南路637號,(06)2324462,NA,121.148787,24.028052,23.0265964,120.2550815,1,1,2325
安平區,1875,2363,2363,國民小學,213644,市立億載國小,臺南市,[708]臺南市安平區郡平路310號,(06)2932371,NA,120.16373,22.989998,22.9897575,120.1637581,1,1,1875
安定區,456,1493,1493,國民小學,114657,市立南安國小,臺南市,[745]臺南市安定區南安里62號,(06)5922023,NA,120.586479,23.687007,23.1052556,120.2267506,1,1,456
安南區,2207,2347,2347,國民小學,213628,市立海東國小,臺南市,[709]臺南市安南區安中路三段381號,(06)2567146,NA,120.174806,23.049024,23.0482152,120.1753024,1,1,2207
佳里區,1245,1503,1503,國民小學,114668,市立佳里國小,臺南市,[722]臺南市佳里區安西里公園路445號,(06)7222031,NA,120.511312,23.657424,23.1642878,120.1726507,1,1,1245
柳營區,254,1578,1578,國民小學,114758,市立柳營國小,臺南市,[736]臺南市柳營區士林里柳營路一段755號,(06)6222124,NA,120.278605,23.622545,23.2753735,120.3126116,1,1,254
麻豆區,955,1495,1495,國民小學,114659,市立麻豆國小,臺南市,[721]臺南市麻豆區東角里文昌路18號,(06)5722145,NA,120.578893,23.764445,23.1859269,120.2529393,1,1,955
善化區,1339,1486,1486,國民小學,114650,市立大成國小,臺南市,[741]臺南市善化區大成路385號,(06)5837520,NA,120.60786,23.611958,23.1290531,120.294829,1,1,1339
新化區,872,1468,1468,國民小學,114630,市立新化國小,臺南市,[712]臺南市新化區中山路173號,(06)5902035,NA,120.552557,23.679231,23.0376479,120.311004,1,1,872
新市區,1615,1490,1490,國民小學,114654,市立新市國小,臺南市,[744]臺南市新市區中興街1號,(06)5992895,NA,120.537411,23.611904,23.0785233,120.2954261,1,1,1615
新營區,1103,1554,1554,國民小學,114728,市立新營國小,臺南市,[730]臺南市新營區中正路4號,(06)6322136,NA,120.464223,23.748017,23.3064753,120.3174915,1,1,1103
歸仁區,1159,1597,1597,國民小學,114778,市立文化國小,臺南市,[711]臺南市歸仁區文化街二段136號,(06)3301666,NA,120.151769,23.633752,22.9711829,120.2893318,1,1,1159
關廟區,670,1454,1454,國民小學,114614,市立五甲國小,臺南市,[718]臺南市關廟區和平路246號,(06)5952155,NA,121.189337,24.148298,22.9584949,120.3338947,1,1,670
鹽水區,475,1563,1563,國民小學,114737,市立鹽水國小,臺南市,[737]臺南市鹽水區朝琴路137號,(06)6521046,NA,120.398845,23.767098,23.3227,120.271058,1,1,475
七股區,126,1515,1515,國民小學,114681,市立七股國小,臺南市,[724]臺南市七股區大埕里395號,(06)7872076,NA,120.459585,23.64732,23.1453614,120.144496,1,0,126
下營區,395,1545,1545,國民小學,114716,市立東興國小,臺南市,[735]臺南市下營區新興里東興一街112號,(06)6892478,NA,120.204089,23.6757,23.2393524,120.2673518,1,0,395
山上區,160,1472,1472,國民小學,114635,市立山上國小,臺南市,[743]臺南市山上區南洲里42號,(06)5781203,NA,120.537611,23.674139,23.0958254,120.3478746,1,0,160
安南區,79,2351,2351,國民小學,213632,市立鎮海國小,臺南市,[709]臺南市安南區大眾路381號,(06)2841700,偏遠,120.134458,23.019061,23.0190055,120.1341692,1,0,79
西港區,546,1510,1510,國民小學,114675,市立西港國小,臺南市,[723]臺南市西港區進學街60號,(06)7952005,NA,120.492942,23.764036,23.1228784,120.1994959,1,0,546
佳里區,91,1506,1506,國民小學,114671,市立塭內國小,臺南市,[722]臺南市佳里區龍安里40號,(06)7891054,偏遠,120.498563,23.757136,23.1297701,120.1675902,1,0,91
東山區,36,1591,1591,國民小學,114771,市立聖賢國小,臺南市,[733]臺南市東山區聖賢里田尾29號,(06)6353170,偏遠,120.336161,23.658573,23.306869,120.362123,1,0,36
南區,88,2330,2330,國民小學,213611,市立龍崗國小,臺南市,[702]臺南市南區鯤鯓里鯤鯓路147號,(06)2620024,偏遠,120.169558,22.961379,22.961461,120.1694619,1,0,88
後壁區,70,1585,1585,國民小學,114765,市立安溪國小,臺南市,[731]臺南市後壁區長安里5號,(06)6361535,偏遠,120.328302,23.636928,23.3347501,120.3594043,1,0,70
柳營區,83,1580,1580,國民小學,114760,市立重溪國小,臺南市,[736]臺南市柳營區重溪里義士路二段2號,(06)6231824,NA,120.284816,23.555987,23.2856412,120.3642035,1,0,83
將軍區,223,1526,1526,國民小學,114694,市立漚汪國小,臺南市,[725]臺南市將軍區長榮里4號,(06)7942012,NA,120.433718,23.703392,23.1900666,120.161817,1,0,223
麻豆區,82,1500,1500,國民小學,114664,市立北勢國小,臺南市,[721]臺南市麻豆區北勢里15號,(06)5722844,偏遠,120.479492,23.680296,23.2064745,120.2368486,1,0,82
善化區,546,1489,1489,國民小學,114653,市立小新國小,臺南市,[741]臺南市善化區小新里97之3號,(06)5837019,NA,120.574737,23.596448,23.1309463,120.3336151,1,0,546
新化區,114,1470,1470,國民小學,114632,市立口埤實驗小學,臺南市,[712]臺南市新化區知義里口埤88號,(06)5901445,偏遠,120.5393,23.70783,23.0251369,120.3487078,1,0,114
新市區,257,1491,1491,國民小學,114655,市立大社國小,臺南市,[744]臺南市新市區大社里39號,(06)5991593,NA,120.618385,23.641955,23.0903938,120.3291365,1,0,257
新營區,47,1561,1561,國民小學,114735,市立土庫國小,臺南市,[730]臺南市新營區土庫里71之1號,(06)6362323,偏遠,120.413967,23.817097,23.3202733,120.3392266,1,0,47
學甲區,385,1540,1540,國民小學,114710,市立東陽國小,臺南市,[726]臺南市學甲區華宗路260號,(06)7833322,NA,120.284993,23.682871,23.22875,120.1838484,1,0,385
龍崎區,52,1460,1460,國民小學,114620,市立龍崎國小,臺南市,[719]臺南市龍崎區崎頂里新市子41號,(06)5941204,偏遠,121.192195,24.059516,22.966918,120.359124,1,0,52
關廟區,59,1457,1457,國民小學,114617,市立文和國小,臺南市,[718]臺南市關廟區布袋里長文街37號,(06)5551937,偏遠,121.186213,24.035074,22.919336,120.3473046,1,0,59
鹽水區,72,1564,1564,國民小學,114738,市立歡雅國小,臺南市,[737]臺南市鹽水區歡雅里31號,(06)6552558,NA,120.347004,23.758683,23.2869972,120.2368486,1,0,72
南區,828,2332,2332,國民小學,213613,市立永華國小,臺南市,[702]臺南市南區中華西路一段2巷17號,(06)2641457,NA,120.186984,22.964293,22.9637029,120.1865679,1,1,828
東區,1666,2325,2325,國民小學,213606,市立崇學國小,臺南市,[701]臺南市東區崇學路98號,(06)2689951,NA,120.223351,22.979564,22.9794998,120.2232004,1,1,1666
五結鄉,492,261,261,國民小學,24649,縣立五結國小,宜蘭縣,[268]宜蘭縣五結鄉國民路1號,(03)9507272,NA,121.763212,24.72447,24.6887633,121.8050125,1,1,492
冬山鄉,567,266,266,國民小學,24654,縣立冬山國小,宜蘭縣,[269]宜蘭縣冬山鄉安平村安中路35號,(03)9593504,NA,121.766365,24.679607,24.6324953,121.7899271,1,1,567
宜蘭市,1346,222,222,國民小學,24608,縣立黎明國小,宜蘭縣,[260]宜蘭縣宜蘭市校舍路1號,(03)9383792,NA,121.455404,25.051403,24.7519701,121.7642722,1,1,1346
員山鄉,269,248,248,國民小學,24634,縣立員山國小,宜蘭縣,[264]宜蘭縣員山鄉員山村復興路39號,(03)9224061,NA,121.656845,25.060713,24.7442688,121.7228779,1,1,269
頭城鎮,508,237,237,國民小學,24623,縣立頭城國小,宜蘭縣,[261]宜蘭縣頭城鎮開蘭路282號,(03)9771011,NA,121.627219,25.06872,24.8629826,121.8273255,1,1,508
礁溪鄉,654,243,243,國民小學,24629,縣立礁溪國小,宜蘭縣,[262]宜蘭縣礁溪鄉大忠村礁溪路四段135號,(03)9882047,NA,121.419406,25.160305,24.8214103,121.7695196,1,1,654
羅東鎮,1448,226,226,國民小學,24612,縣立公正國小,宜蘭縣,[265]宜蘭縣羅東鎮公正路199號,(03)9566659,NA,121.470993,25.091454,24.6792949,121.7666654,1,1,1448
蘇澳鎮,582,230,230,國民小學,24616,縣立馬賽國小,宜蘭縣,[270]宜蘭縣蘇澳鎮永榮里大同路108號,(03)9902694,NA,121.447991,25.056275,24.6215957,121.8345477,1,1,582
三星鄉,124,274,274,國民小學,24662,縣立大洲國小,宜蘭縣,[266]宜蘭縣三星鄉大洲村上將路二段500號,(03)9551547,NA,121.868385,24.578911,24.694068,121.727853,1,0,124
大同鄉,93,278,278,國民小學,24668,縣立四季國小,宜蘭縣,[267]宜蘭縣大同鄉四季村和勳巷1號,(03)9809312,特偏,121.82063,24.825164,24.4880169,121.4260099,1,0,93
冬山鄉,516,2636,2636,附設國民小學,24325,縣立慈心華德福實中附設國小,宜蘭縣,[269]宜蘭縣冬山鄉照安路257號,(039)596222,NA,121.794986,24.626305,24.6263853,121.7947056,1,0,516
壯圍鄉,392,2635,2635,附設國民小學,21310,私立中道高中附設國小,宜蘭縣,[263]宜蘭縣壯圍鄉功勞村中央路三段312巷7號,(03)9306696,NA,121.793369,24.758948,24.7596509,121.7931918,1,0,392
員山鄉,143,254,254,國民小學,24640,縣立內城國(中)小,宜蘭縣,[264]宜蘭縣員山鄉內城村內城路545號,(03)9221846,NA,121.44451,25.186023,24.7188831,121.6875013,1,0,143
頭城鎮,85,238,238,國民小學,24624,縣立竹安國小,宜蘭縣,[261]宜蘭縣頭城鎮竹安里頭濱路一段601號,(03)9771178,NA,121.37852,24.929829,24.825115,121.820763,1,0,85
礁溪鄉,73,246,246,國民小學,24632,縣立玉田國小,宜蘭縣,[262]宜蘭縣礁溪鄉茅埔路24號,(03)9882461,NA,121.463854,25.089298,24.796754,121.790642,1,0,73
蘇澳鎮,37,233,233,國民小學,24619,縣立永樂國小,宜蘭縣,[270]宜蘭縣蘇澳鎮永樂路1號,(03)9962840,偏遠,121.543895,24.973708,24.575659,121.8441739,1,0,37
竹山鎮,766,1064,1064,國民小學,84642,縣立竹山國小,南投縣,[557]南投縣竹山鎮延和里向學街32號,(049)2642016,NA,120.431277,24.000544,23.7611494,120.6873067,1,1,766
南投市,1074,1024,1024,國民小學,84601,縣立南投國小,南投縣,[540]南投縣南投市彰南路一段1059號,(049)2222038,NA,120.501859,24.088074,23.906437,120.6851036,1,1,1074
埔里鎮,1171,1039,1039,國民小學,84616,縣立南光國小,南投縣,[545]南投縣埔里鎮中正路251號,(049)2982025,NA,120.480191,24.08795,23.9614839,120.9709862,1,1,1171
草屯鎮,1149,1057,1057,國民小學,84635,縣立炎峰國小,南投縣,[542]南投縣草屯鎮中興路101號,(049)2333221,NA,120.483448,23.963797,23.9744837,120.684487,1,1,1149
中寮鄉,27,1102,1102,國民小學,84682,縣立至誠國小,南投縣,[541]南投縣中寮鄉永平路489之1號,(049)2227215,NA,120.498949,22.724187,23.8937369,120.7196602,1,0,27
名間鄉,391,2639,2639,附設國民小學,81313,私立弘明實驗高中附設國小,南投縣,[551]南投縣名間鄉東湖村大老巷102號,(049)2731799,NA,120.698142,23.859393,23.8572746,120.6963621,1,0,391
竹山鎮,41,1070,1070,國民小學,84648,縣立秀林國小,南投縣,[557]南投縣竹山鎮頂林路456號,(049)2647285,NA,120.513079,23.942067,23.7332782,120.6890487,1,0,41
南投市,67,1036,1036,國民小學,84613,縣立光復國小,南投縣,[540]南投縣南投市光明里光明一路67號,(049)2332587,NA,120.444279,24.083928,23.9418468,120.7019642,1,0,67
埔里鎮,237,1043,1043,國民小學,84620,縣立溪南國小,南投縣,[545]南投縣埔里鎮溪南里珠生路68號,(049)2904517,NA,120.437273,24.044033,23.9487349,120.9526015,1,0,237
草屯鎮,30,1055,1055,國民小學,84633,縣立土城國小,南投縣,[542]南投縣草屯鎮土城里中正路189號,(049)2552024,NA,120.497999,23.954129,23.9848401,120.7428993,1,0,30
吉安鄉,816,2033,2033,國民小學,154620,縣立北昌國小,花蓮縣,[973]花蓮縣吉安鄉北昌村自強路533號,(03)8562619,NA,121.592085,23.987103,23.9871156,121.5920417,1,1,816
秀林鄉,96,2094,2094,國民小學,154689,縣立水源國小,花蓮縣,[972]花蓮縣秀林鄉水源村111號,(03)8570781,NA,121.556867,24.003331,23.9790352,121.5687672,1,1,96
花蓮市,1344,2016,2016,國民小學,154602,縣立明義國小,花蓮縣,[970]花蓮縣花蓮市明義街107號,(03)8326686,NA,120.649284,22.527948,23.9788704,121.6036931,1,1,1344
新城鄉,431,2028,2028,國民小學,154615,縣立北埔國小,花蓮縣,[971]花蓮縣新城鄉北埔路170號,(03)8264624,NA,121.605392,24.032095,24.0318043,121.6048396,1,1,431
秀林鄉,37,2090,2090,國民小學,154685,縣立景美國小,花蓮縣,[972]花蓮縣秀林鄉景美村加灣112號,(03)8266707,NA,121.605871,24.082571,24.0828943,121.6065339,1,0,37
富里鄉,25,2082,2082,國民小學,154677,縣立學田國小,花蓮縣,[983]花蓮縣富里鄉學田村光明路1號,(03)8831324,偏遠,121.227145,23.155448,23.154973,121.2279077,1,0,25
內埔鄉,495,1817,1817,國民小學,134662,縣立內埔國小,屏東縣,[912]屏東縣內埔鄉內埔村廣濟路2號,(08)7792055,偏遠,120.384143,22.616353,22.6101172,120.5656623,1,1,495
竹田鄉,150,1829,1829,國民小學,134674,縣立竹田國小,屏東縣,[911]屏東縣竹田鄉竹田村公正路35號,(08)7710834,偏遠,120.445966,22.740507,22.582961,120.5435487,1,1,150
東港鎮,730,1920,1920,國民小學,134783,縣立東光國小,屏東縣,[928]屏東縣東港鎮興東里長春二路15號,(08)8324927,NA,120.721363,23.27634,22.4689225,120.4595788,1,1,730
林邊鄉,62,1860,1860,國民小學,134706,縣立崎峰國小,屏東縣,[927]屏東縣林邊鄉崎峰村裕後路2號,(08)8752400,偏遠,120.324142,22.849101,22.4263309,120.4925462,1,1,62
長治鄉,455,1786,1786,國民小學,134628,縣立長興國小,屏東縣,[908]屏東縣長治鄉新潭村潭頭路50號,(08)7368567,NA,120.446961,23.265946,22.677134,120.5261845,1,1,455
南州鄉,205,1864,1864,國民小學,134710,縣立溪北國小,屏東縣,[926]屏東縣南州鄉溪北村仁里路102號,(08)8642081,偏遠,120.230428,22.862524,22.4952536,120.5110353,1,1,205
屏東市,1268,1760,1760,國民小學,134602,縣立仁愛國小,屏東縣,[900]屏東縣屏東市興樂里仁愛路98號,(08)7361114,NA,120.265777,23.316089,22.6767807,120.4944621,1,1,1268
恆春鎮,641,1871,1871,國民小學,134717,縣立恆春國小,屏東縣,[946]屏東縣恆春鎮城北里北門路39巷26號,(08)8892035,特偏,120.22562,22.895606,22.0058603,120.7464532,1,1,641
崁頂鄉,112,1854,1854,國民小學,134700,縣立崁頂國小,屏東縣,[924]屏東縣崁頂鄉崁頂村中正路119號,(08)8631959,偏遠,120.358101,22.753304,22.5135841,120.5120381,1,1,112
新園鄉,271,1846,1846,國民小學,134692,縣立仙吉國小,屏東縣,[932]屏東縣新園鄉仙吉村仙吉路91號,(08)8681087,偏遠,120.311738,22.751056,22.5441251,120.4613494,1,1,271
萬丹鄉,777,1775,1775,國民小學,134617,縣立萬丹國小,屏東縣,[913]屏東縣萬丹鄉寶厝村萬新路1497號,(08)7772014,NA,120.329527,23.290136,22.5825849,120.4890535,1,1,777
潮州鎮,754,1809,1809,國民小學,134653,縣立光華國小,屏東縣,[920]屏東縣潮州鎮光華里南進路2號,(08)7882105,NA,120.349678,22.617193,22.5476357,120.5430712,1,1,754
麟洛鄉,271,1782,1782,國民小學,134624,縣立麟洛國小,屏東縣,[909]屏東縣麟洛鄉麟趾村中華路86號,(08)7221670,NA,120.309609,23.372673,22.647738,120.5227752,1,1,271
九如鄉,460,1783,1783,國民小學,134625,縣立九如國小,屏東縣,[904]屏東縣九如鄉九如路二段3-1號,(08)7392159,NA,120.377791,23.32927,22.7279847,120.4886733,1,0,460
林邊鄉,204,1857,1857,國民小學,134703,縣立林邊國小,屏東縣,[927]屏東縣林邊鄉林邊村中山路68號,(08)8752120,偏遠,120.379031,22.877747,22.4324712,120.5184664,1,0,204
長治鄉,71,1788,1788,國民小學,134630,縣立德協國小,屏東縣,[908]屏東縣長治鄉德成村中興路551號,(08)7621844,NA,120.386354,23.294672,22.6931331,120.5414936,1,0,71
屏東市,90,1765,1765,國民小學,134607,縣立凌雲國小,屏東縣,[900]屏東縣屏東市鵬程里光大巷61號,(08)7659025,NA,120.413833,23.35245,22.6649069,120.4460586,1,0,90
恆春鎮,81,1875,1875,國民小學,134722,縣立水泉國小,屏東縣,[946]屏東縣恆春鎮水泉里頂泉路1號,(08)8866208,特偏,120.182354,22.91319,21.9402976,120.7325618,1,0,81
新埤鄉,54,1834,1834,國民小學,134679,縣立萬隆國小,屏東縣,[925]屏東縣新埤鄉萬隆村中山路126號,(08)7870191,偏遠,120.357281,22.683088,22.5080592,120.5867603,1,0,54
萬巒鄉,190,1815,1815,國民小學,134659,縣立佳佐國小,屏東縣,[923]屏東縣萬巒鄉佳和村佳興路59號,(08)7832018,偏遠,120.395195,22.605277,22.5721996,120.5953438,1,0,190
公館鄉,858,575,575,國民小學,54609,縣立公館國小,苗栗縣,[363]苗栗縣公館鄉館中村大同路15號,(037)230103,NA,121.012591,24.83676,24.499476,120.827779,1,1,858
竹南鎮,1921,622,622,國民小學,54660,縣立照南國小,苗栗縣,[350]苗栗縣竹南鎮佳興里光復路331號,(037)472633,NA,120.764553,23.73591,24.6940785,120.8794497,1,1,1921
後龍鎮,680,637,637,國民小學,54679,縣立後龍國小,苗栗縣,[356]苗栗縣後龍鎮大庄里成功路254號,(037)722049,NA,120.833669,24.248822,24.6138687,120.7958811,1,1,680
苑裡鎮,553,677,677,國民小學,54722,縣立客庄國小,苗栗縣,[358]苗栗縣苑裡鎮客庄里新興路21號,(037)865646,NA,120.595607,24.260491,24.4396603,120.6548744,1,1,553
苗栗市,1310,672,672,國民小學,54717,縣立文華國小,苗栗縣,[360]苗栗縣苗栗市文山里正發路133號,(037)354465,NA,120.561725,24.235147,24.5690721,120.8179242,1,1,1310
銅鑼鄉,383,581,581,國民小學,54616,縣立銅鑼國小,苗栗縣,[366]苗栗縣銅鑼鄉福興村文化街1號,(037)981013,NA,120.955037,24.850843,24.4895462,120.7905951,1,1,383
頭份市,1322,670,670,國民小學,54715,縣立建國國小,苗栗縣,[351]苗栗縣頭份市建國路80號,(037)665905,NA,120.62847,24.4203,24.6952504,120.9121915,1,1,1322
後龍鎮,41,640,640,國民小學,54683,縣立龍坑國小,苗栗縣,[356]苗栗縣後龍鎮龍坑里158號,(037)722027,NA,120.773309,24.276058,24.596959,120.7838403,1,0,41
苑裡鎮,104,595,595,國民小學,54631,縣立藍田國小,苗栗縣,[358]苗栗縣苑裡鎮泰田里3鄰62號,(037)743504,NA,120.666443,23.66404,24.3932566,120.6918803,1,0,104
苗栗市,97,572,572,國民小學,54606,縣立新英國小,苗栗縣,[360]苗栗縣苗栗市南勢里新勝8號,(037)320715,NA,121.121791,24.661759,24.527361,120.795573,1,0,97
通霄鎮,628,599,599,國民小學,54635,縣立通霄國小,苗栗縣,[357]苗栗縣通霄鎮通東里中正路12號,(037)752008,NA,120.656404,23.645963,24.4910234,120.6840122,1,0,628
造橋鄉,109,632,632,國民小學,54673,縣立造橋國小,苗栗縣,[361]苗栗縣造橋鄉造橋村十四鄰3號,(037)542686,NA,120.830337,24.258154,24.6460168,120.8275926,1,0,109
頭份市,415,616,616,國民小學,54654,縣立僑善國小,苗栗縣,[351]苗栗縣頭份市中正一路395號,(037)663137,NA,120.754624,23.728325,24.6860977,120.9348653,1,0,415
頭屋鄉,251,573,573,國民小學,54607,縣立頭屋國小,苗栗縣,[362]苗栗縣頭屋鄉頭屋村中山街15號,(037)251071,NA,121.002174,24.838077,24.575632,120.8505331,1,0,251
大溪區,69,354,354,國民小學,34660,市立中興國小,桃園市,[335]桃園市大溪區瑞興里一鄰大鶯路1125號,(03)3801394,偏遠,121.267233,25.10234,24.9251636,121.3100907,1,0,69
新屋區,100,402,402,國民小學,34708,市立大坡國小,桃園市,[327]桃園市新屋區大坡里五鄰5號,(03)4768311,NA,121.215829,24.959418,24.9593212,121.0421102,1,0,100
楊梅區,161,389,389,國民小學,34695,市立上湖國小,桃園市,[326]桃園市楊梅區上湖里上湖二路88號,(03)4728925,NA,121.304675,24.88167,24.9096082,121.0850347,1,0,161
龍潭區,97,421,421,國民小學,34727,市立龍源國小,桃園市,[325]桃園市龍潭區高平里深窩子16之1號,(03)4717149,NA,121.213305,24.896645,24.8255949,121.2118374,1,0,97
龜山區,167,335,335,國民小學,34641,市立大坑國小,桃園市,[333]桃園市龜山區大坑路一段850號,(03)3252430,偏遠,121.31022,24.992318,25.0450217,121.314656,1,0,167
蘆竹區,228,315,315,國民小學,34621,市立山腳國小,桃園市,[338]桃園市蘆竹區南山路三段440號,(03)3241884,NA,121.618614,24.660899,25.0885,121.2876667,1,0,228
觀音區,49,407,407,國民小學,34713,市立大潭國小,桃園市,[328]桃園市觀音區大潭里濱海路大潭段687號,(03)4732087,偏遠,121.252443,24.940255,25.0219128,121.0586593,1,0,49
八德區,2139,340,340,國民小學,34646,市立大成國小,桃園市,[334]桃園市八德區廣福路31號,(03)3661155,NA,121.31482,24.983481,24.9584791,121.2984424,1,1,2139
大園區,1659,318,318,國民小學,34624,市立大園國小,桃園市,[337]桃園市大園區橫峰里中正東路160號,(03)3862030,NA,121.426309,24.488603,25.0590851,121.2026707,1,1,1659
大溪區,1076,479,479,國民小學,34788,市立仁和國小,桃園市,[335]桃園市大溪區仁和二街50號,(03)3076626,NA,121.342966,25.005981,24.8984048,121.2762349,1,1,1076
中壢區,1864,467,467,國民小學,34774,市立元生國小,桃園市,[320]桃園市中壢區文化二路161號,(03)4625566#111,NA,121.30423,25.012763,24.9745384,121.2511461,1,1,1864
平鎮區,1825,376,376,國民小學,34682,市立南勢國小,桃園市,[324]桃園市平鎮區中豐路南勢二段223號,(03)4393724,NA,121.327594,24.991959,24.913476,121.2106409,1,1,1825
桃園區,2876,301,301,國民小學,34607,市立中山國小,桃園市,[330]桃園市桃園區國際路一段1070號,(03)3603012,NA,121.799215,24.68719,24.9862844,121.2896827,1,1,2876
新屋區,1244,395,395,國民小學,34701,市立新屋國小,桃園市,[327]桃園市新屋區新生里中正路196號,(03)4772016,NA,121.266018,24.882887,24.9734606,121.1019361,1,1,1244
楊梅區,1320,461,461,國民小學,34768,市立瑞塘國小,桃園市,[326]桃園市楊梅區瑞溪路二段100號,(03)4316360,NA,121.315177,24.977023,24.90813,121.1795202,1,1,1320
龍潭區,1123,448,448,國民小學,34755,市立龍星國小,桃園市,[325]桃園市龍潭區中正路269號,(03)4797299,NA,121.355247,24.661734,24.8626841,121.2175846,1,1,1123
龜山區,1731,465,465,國民小學,34772,市立南美國小,桃園市,[333]桃園市龜山區南美里南上路99號,(03)3126250,NA,121.320522,25.008907,25.0478314,121.2969385,1,1,1731
蘆竹區,1936,307,307,國民小學,34613,市立南崁國小,桃園市,[338]桃園市蘆竹區羊稠里吉林路160號,(03)3115578,NA,121.806775,24.629103,25.0503008,121.3011017,1,1,1936
觀音區,1307,413,413,國民小學,34719,市立草漯國小,桃園市,[328]桃園市觀音區草漯里新生路1462號,(03)4830160,NA,121.25189,24.968061,25.045658,121.1429776,1,1,1307
二崙鄉,328,1250,1250,國民小學,94688,縣立二崙國小,雲林縣,[649]雲林縣二崙鄉崙東村中興路36號,(05)5982241,NA,120.691024,23.952585,23.7717116,120.4130466,1,1,328
大埤鄉,328,1206,1206,國民小學,94643,縣立大埤國小,雲林縣,[631]雲林縣大埤鄉南和村中正路23號,(05)5912007,NA,120.376114,23.874441,23.6445964,120.431583,1,1,328
斗六市,1189,1173,1173,國民小學,94610,縣立公誠國小,雲林縣,[640]雲林縣斗六市鎮北里北平路95號,(05)5322536,NA,120.610022,23.889497,23.7150829,120.538812,1,1,1189
斗南鎮,740,1194,1194,國民小學,94631,縣立斗南國小,雲林縣,[630]雲林縣斗南鎮西歧里文昌路150號,(05)5972020,NA,120.479133,23.844207,23.6808084,120.4790889,1,1,740
水林鄉,311,1313,1313,國民小學,94753,縣立水燦林國小,雲林縣,[652]雲林縣水林鄉水北村水林路6號,(05)7852845,NA,121.075772,22.790805,23.5726297,120.2466527,1,1,311
北港鎮,1021,1270,1270,國民小學,94708,縣立北辰國小,雲林縣,[651]雲林縣北港鎮新街里成功路30號,(05)7832153,NA,120.485612,22.748723,23.5773685,120.303016,1,1,1021
西螺鎮,931,1242,1242,國民小學,94680,縣立文昌國小,雲林縣,[648]雲林縣西螺鎮中興里延平路504號,(05)5862013,NA,120.94722,24.005062,23.8002332,120.4520814,1,1,931
虎尾鎮,1260,1212,1212,國民小學,94649,縣立立仁國小,雲林縣,[632]雲林縣虎尾鎮立仁街40號,(05)6322205,NA,120.409554,23.925389,23.7058661,120.428277,1,1,1260
麥寮鄉,1183,1264,1264,國民小學,94702,縣立麥寮國小,雲林縣,[638]雲林縣麥寮鄉麥津村中山路260號,(05)6932266,NA,120.751471,22.203353,23.7491612,120.2544243,1,1,1183
莿桐鄉,491,1200,1200,國民小學,94637,縣立莿桐國小,雲林縣,[647]雲林縣莿桐鄉莿桐村中正路147號,(05)5842065,NA,120.567506,23.816027,23.757321,120.4986505,1,1,491
臺西鄉,191,1238,1238,國民小學,94676,縣立崙豐國小,雲林縣,[636]雲林縣臺西鄉永豐村崙豐路42號,(05)6982142,NA,120.528452,24.062891,23.7204448,120.2091745,1,1,191
二崙鄉,161,1252,1252,國民小學,94690,縣立油車國小,雲林縣,[649]雲林縣二崙鄉港後村港後路60號,(05)5982600,NA,120.637902,23.90719,23.7952395,120.3917753,1,0,161
土庫鎮,702,1221,1221,國民小學,94659,縣立土庫國小,雲林縣,[633]雲林縣土庫鎮順天里中正路69號,(05)6622524,NA,120.416261,23.875837,23.6753,120.3889897,1,0,702
大埤鄉,69,1208,1208,國民小學,94645,縣立仁和國小,雲林縣,[631]雲林縣大埤鄉豐岡村仁和路4號,(05)5912454,NA,120.419359,23.954087,23.6620108,120.4224396,1,0,69
斗六市,52,1167,1167,國民小學,94604,縣立梅林國小,雲林縣,[640]雲林縣斗六市梅林里梅林路256號,(05)5572211,NA,120.368642,22.337884,23.702307,120.6016593,0,1,52
斗南鎮,39,1197,1197,國民小學,94634,縣立重光國小,雲林縣,[630]雲林縣斗南鎮將軍里溫厝1號,(05)5972454,NA,120.519475,23.814253,23.658028,120.509114,1,0,39
水林鄉,0,1312,1312,國民小學,94752,縣立和安國小,雲林縣,[652]雲林縣水林鄉溪漧村41號,(05)7853932,特偏,121.043038,22.764927,23.5723224,120.244847,1,0,0
古坑鄉,191,1175,1175,國民小學,94612,縣立古坑國(中)小,雲林縣,[646]雲林縣古坑鄉朝陽路3號,(05)5821024,NA,120.61785,23.810772,23.6458289,120.565828,1,0,191
東勢鄉,216,1232,1232,國民小學,94670,縣立東勢國小,雲林縣,[635]雲林縣東勢鄉東南村東榮路29巷9號,(05)6991036,NA,120.345102,23.978273,23.693257,120.2570421,0,1,216
林內鄉,116,1189,1189,國民小學,94626,縣立重興國小,雲林縣,[643]雲林縣林內鄉重興村重興路15號,(05)5892044,NA,120.460179,23.917168,23.7644656,120.5795779,1,0,116
虎尾鎮,106,1213,1213,國民小學,94650,縣立大屯國小,雲林縣,[632]雲林縣虎尾鎮東屯里147號,(05)6651284,NA,120.32034,23.85302,23.7030636,120.3983097,1,0,106
莿桐鄉,284,1201,1201,國民小學,94638,縣立饒平國小,雲林縣,[647]雲林縣莿桐鄉饒平村饒平路1號,(05)5842071,NA,120.490911,23.852997,23.7772576,120.522261,1,0,284
臺西鄉,237,1237,1237,國民小學,94675,縣立臺西國小,雲林縣,[636]雲林縣臺西鄉台西村民權路9號,(05)6982045,NA,120.586997,23.889205,23.7034983,120.2000984,0,1,237
三民區,2019,2557,2557,國民小學,553611,市立東光國小,高雄市,[807]高雄市三民區黃興路206號,(07)3898338,NA,120.339722,22.649042,22.648236,120.3389977,1,1,2019
大社區,679,1641,1641,國民小學,124638,市立大社區大社國小,高雄市,[815]高雄市大社區大社里三民路336號,(07)3511940,NA,120.250892,22.948728,22.7301145,120.3457145,1,1,679
大寮區,1410,1621,1621,國民小學,124618,市立永芳國小,高雄市,[831]高雄市大寮區永芳里鳳林三路499號,(07)7812814,NA,120.75402,23.492485,22.6056213,120.3949833,1,1,1410
小港區,1465,2600,2600,國民小學,613610,市立漢民國小,高雄市,[812]高雄市小港區漢民路500號,(07)8036569,NA,120.359186,22.566704,22.5666762,120.3590778,1,1,1465
仁武區,1351,1739,1739,國民小學,124744,市立登發國小,高雄市,[814]高雄市仁武區仁和里仁忠路191號,(07)3726033,NA,120.267177,23.238956,22.6798888,120.354344,1,1,1351
左營區,2033,2535,2535,國民小學,533610,市立福山國小,高雄市,[813]高雄市左營區重愛路99號,(07)3487633,NA,120.317215,22.683573,22.6837453,120.3173618,1,1,2033
永安區,179,1736,1736,國民小學,124741,市立維新國小,高雄市,[828]高雄市永安區維新路光明九巷69之10號,(07)6913816,NA,120.276394,23.213299,22.8035549,120.2523997,1,1,179
岡山區,1418,1740,1740,國民小學,124745,市立竹圍國小,高雄市,[820]高雄市岡山區竹圍里大仁北路1號,(07)6233032,NA,120.350282,23.225895,22.8027494,120.3028676,1,1,1418
林園區,1509,1616,1616,國民小學,124613,市立林園國小,高雄市,[832]高雄市林園區林園里忠孝西路20號,(07)6412125,NA,120.669051,23.556274,22.5070172,120.3931432,1,1,1509
前金區,894,2565,2565,國民小學,573601,市立前金國小,高雄市,[801]高雄市前金區大同二路61號,(07)2829001,NA,120.293922,22.626351,22.6264158,120.2938711,1,1,894
前鎮區,1708,2584,2584,國民小學,593610,市立瑞祥國小,高雄市,[806]高雄市前鎮區班超路20號,(07)7221212,NA,120.326798,22.600692,22.6008554,120.3271408,1,1,1708
苓雅區,2319,2571,2571,國民小學,583605,市立四維國小,高雄市,[802]高雄市苓雅區青年一路103號,(07)3348199,NA,120.312653,22.623092,22.6231523,120.3133242,1,1,2319
梓官區,831,1687,1687,國民小學,124687,市立梓官國小,高雄市,[826]高雄市梓官區進學路61號,(07)6193927轉10,NA,120.224837,23.098691,22.760273,120.264535,1,1,831
鳥松區,582,1644,1644,國民小學,124641,市立仁美國小,高雄市,[833]高雄市鳥松區仁美里學堂路2號,(07)7315633,NA,120.288178,22.964457,22.6574356,120.3985232,1,1,582
新興區,1301,2563,2563,國民小學,563603,市立信義國小,高雄市,[800]高雄市新興區中正三路32號,(07)2365163,NA,120.310999,22.631618,22.6309629,120.3105873,1,1,1301
楠梓區,1943,2538,2538,國民小學,543601,市立楠梓國小,高雄市,[811]高雄市楠梓區楠梓路262號,(07)3511140,NA,120.328366,22.732233,22.7334219,120.3279184,1,1,1943
路竹區,1071,1667,1667,國民小學,124667,市立路竹國小,高雄市,[821]高雄市路竹區竹南里中山路712巷16號,(07)6969920,NA,120.458712,23.121248,22.8563263,120.2593858,1,1,1071
鼓山區,2488,2524,2524,國民小學,523606,市立龍華國小,高雄市,[804]高雄市鼓山區大順一路858號,(07)5553086,NA,120.29767,22.655044,22.6552521,120.298411,1,1,2488
旗山區,412,1691,1691,國民小學,124691,市立旗山區鼓山國小,高雄市,[842]高雄市旗山區延平一路111號,(07)6612051,NA,120.266083,23.187542,22.8985075,120.4825914,1,1,412
鳳山區,2157,1614,1614,國民小學,124611,市立新甲國小,高雄市,[830]高雄市鳳山區新強里新富路255號,(07)7668170,NA,120.665002,23.540034,22.6129724,120.34024,1,1,2157
橋頭區,642,1748,1748,國民小學,124753,市立橋頭國小,高雄市,[825]高雄市橋頭區橋頭里樹德路200號,(07)6126011,NA,120.31637,23.30654,22.7613901,120.3059129,1,1,642
燕巢區,475,1656,1656,國民小學,124654,市立燕巢國小,高雄市,[824]高雄市燕巢區東燕里中華路177號,(07)6161495,NA,120.267321,23.00542,22.7955552,120.3659035,1,1,475
彌陀區,497,1684,1684,國民小學,124684,市立彌陀國小,高雄市,[827]高雄市彌陀區彌靖里中正路213號,(07)6176300,NA,120.295674,23.078967,22.7839098,120.2479416,1,1,497
鹽埕區,428,2517,2517,國民小學,513602,市立鹽埕區忠孝國小,高雄市,[803]高雄市鹽埕區大智路71號,(07)5514887,NA,120.285159,22.621585,22.621541,120.2851186,1,1,428
大社區,115,1642,1642,國民小學,124639,市立嘉誠國小,高雄市,[815]高雄市大社區嘉誠里嘉誠路22號,(07)3560418,偏遠,120.230314,22.945296,22.7482648,120.3801193,1,0,115
大寮區,309,1623,1623,國民小學,124620,市立忠義國小,高雄市,[831]高雄市大寮區忠義里忠義路1號,(07)7812858,NA,120.750028,23.575863,22.616612,120.384367,1,0,309
大樹區,533,1630,1630,國民小學,124627,市立九曲國小,高雄市,[840]高雄市大樹區九曲里九曲路498號,(07)6512541,NA,120.453581,23.44291,22.6563712,120.4230022,1,0,533
小港區,92,2596,2596,國民小學,613606,市立鳳鳴國小,高雄市,[812]高雄市小港區鳳鳴路191號,(07)8714561,NA,120.357365,22.51549,22.515138,120.3575578,1,0,92
永安區,187,1682,1682,國民小學,124682,市立永安國小,高雄市,[828]高雄市永安區永華里永華路49號,(07)6912011,NA,120.288307,23.153161,22.8156529,120.2243834,1,0,187
林園區,83,1620,1620,國民小學,124617,市立汕尾國小,高雄市,[832]高雄市林園區北汕里58巷2號,(07)6412334,NA,120.749376,23.453204,22.4871992,120.4112756,1,0,83
阿蓮區,135,1665,1665,國民小學,124665,市立中路國小,高雄市,[822]高雄市阿蓮區中路里272號,(07)6312325,NA,120.299006,23.038165,22.8937615,120.2945362,1,0,135
美濃區,196,1699,1699,國民小學,124701,市立中壇國小,高雄市,[843]高雄市美濃區中壇里忠孝路一段19號,(07)6812534,NA,120.153228,23.178759,22.883998,120.5303368,1,0,196
茄萣區,163,1749,1749,國民小學,124754,市立興達國小,高雄市,[852]高雄市茄萣區崎漏里民治路2號,(07)6988099,NA,120.306223,23.30545,22.8738614,120.1907921,1,0,163
湖內區,370,1675,1675,國民小學,124675,市立明宗國小,高雄市,[829]高雄市湖內區保生路103號,(07)6994682,NA,120.403942,23.056159,22.9069683,120.2224811,1,0,370
旗山區,598,1689,1689,國民小學,124689,市立旗山國小,高雄市,[842]高雄市旗山區湄洲里華中街44號,(07)6612052,NA,120.253325,23.186292,22.8702492,120.4703258,1,0,598
旗津區,420,2589,2589,國民小學,603601,市立旗津國小,高雄市,[805]高雄市旗津區中洲三路623號,(07)5715133,NA,120.270949,22.608269,22.6084947,120.271917,1,0,420
燕巢區,42,1658,1658,國民小學,124656,市立深水國小,高雄市,[824]高雄市燕巢區深水里深中路2號,(07)6152447,偏遠,120.275965,23.018791,22.7722525,120.3900295,1,0,42
竹北市,2016,564,564,國民小學,44683,縣立興隆國小,新竹縣,[302]新竹縣竹北市文興路88號,(03)6681799,NA,121.047797,24.825155,24.8166784,121.0153894,1,1,2016
竹東鎮,1553,503,503,國民小學,44621,縣立大同國小,新竹縣,[310]新竹縣竹東鎮莊敬路111號,(03)5961160,NA,120.728694,24.089575,24.7402914,121.0884096,1,1,1553
湖口鄉,1923,519,519,國民小學,44637,縣立新湖國小,新竹縣,[303]新竹縣湖口鄉民族街222號,(03)5992062,NA,120.752628,24.083486,24.9056292,121.047373,1,1,1923
新埔鎮,660,492,492,國民小學,44610,縣立新埔國小,新竹縣,[305]新竹縣新埔鎮中正路366號,(03)5882124,NA,120.646953,24.094435,24.8280976,121.079169,1,1,660
新豐鄉,1580,523,523,國民小學,44641,縣立山崎國小,新竹縣,[304]新竹縣新豐鄉新興路291號,(03)5592714,NA,120.881395,24.16339,24.8719052,120.9986876,1,1,1580
寶山鄉,310,542,542,國民小學,44660,縣立雙溪國小,新竹縣,[308]新竹縣寶山鄉雙園路二段310號,(03)5202151,NA,121.3865,25.061333,24.7656321,120.9906294,1,1,310
竹北市,214,518,518,國民小學,44636,縣立鳳岡國小,新竹縣,[302]新竹縣竹北市大義里鳳岡路3段200號,(03)5561928,NA,120.727718,24.104547,24.8613665,120.9643393,1,0,214
竹東鎮,60,507,507,國民小學,44625,縣立陸豐國小,新竹縣,[310]新竹縣竹東鎮陸豐里48號,(03)5923697,偏遠,120.667585,24.061075,24.7671961,121.0757883,1,0,60
芎林鄉,545,537,537,國民小學,44655,縣立芎林國小,新竹縣,[307]新竹縣芎林鄉文林村四鄰文山路288號,(03)5923184,NA,121.296979,25.008337,24.7741592,121.0824151,1,0,545
湖口鄉,57,520,520,國民小學,44638,縣立和興國小,新竹縣,[303]新竹縣湖口鄉和興村德興路930號,(03)5992094,NA,120.752287,24.122879,24.9269905,121.0386991,1,0,57
新豐鄉,135,536,536,國民小學,44654,縣立埔和國小,新竹縣,[304]新竹縣新豐鄉埔和村466號,(03)5680096,NA,121.315445,25.018714,24.9272619,120.9962356,1,0,135
橫山鄉,240,529,529,國民小學,44647,縣立大肚國小,新竹縣,[312]新竹縣橫山鄉大肚村中豐路二段157號,(03)5932380,NA,120.908951,24.291388,24.7186538,121.1401462,1,0,240
關西鎮,504,483,483,國民小學,44601,縣立關西國小,新竹縣,[306]新竹縣關西鎮西安里中山路126號,(03)5872028,NA,121.251288,24.974314,24.7918809,121.1752064,1,0,504
北區,2278,2201,2201,國民小學,183603,市立民富國小,新竹市,[300]新竹市北區西大路561號,(03)5222102,NA,120.96016,24.8082,24.8084424,120.9605065,1,1,2278
東區,2179,2205,2205,國民小學,183607,市立東園國小,新竹市,[300]新竹市東區園後街25號,(03)5712496,NA,120.985302,24.800121,24.8000634,120.9851876,1,1,2179
香山區,862,2213,2213,國民小學,183615,市立香山國小,新竹市,[300]新竹市香山區牛埔東路260號,(03)5386164,NA,120.944008,24.796344,24.7963336,120.9439558,1,1,862
東區,652,2227,2227,國民小學,183630,市立青草湖國小,新竹市,[300]新竹市東區明湖路1211號,(03)5200360,NA,120.978466,24.768952,24.7685769,120.9780309,1,0,652
香山區,443,2220,2220,國民小學,183622,市立內湖國小,新竹市,[300]新竹市香山區內湖路109號,(03)5373184,NA,120.90636,24.742106,24.7426161,120.9062011,1,0,443
中埔鄉,105,1394,1394,國民小學,104684,縣立頂六國小,嘉義縣,[606]嘉義縣中埔鄉金蘭村頂山門25號,(05)2394042,NA,120.677511,23.981673,23.445647,120.4955304,1,0,105
六腳鄉,69,1356,1356,國民小學,104641,縣立六美國小,嘉義縣,[615]嘉義縣六腳鄉六斗村31號,(05)7812708,NA,120.907612,22.47741,23.5430449,120.2945362,1,0,69
水上鄉,127,1386,1386,國民小學,104676,縣立忠和國小,嘉義縣,[608]嘉義縣水上鄉忠和村檳榔樹角35號,(05)2890365,NA,120.929743,23.998681,23.4251879,120.4471415,1,0,127
民雄鄉,148,1338,1338,國民小學,104623,縣立三興國小,嘉義縣,[621]嘉義縣民雄鄉三興村陳厝寮55號,(05)2720042,NA,121.285041,22.998414,23.5576646,120.4818224,1,0,148
朴子市,58,1319,1319,國民小學,104603,縣立雙溪國小,嘉義縣,[613]嘉義縣朴子市雙溪里30號,(05)3795549,偏遠,120.888285,22.339864,23.487724,120.2772325,1,0,58
竹崎鄉,86,1408,1408,國民小學,104705,縣立圓崇國小,嘉義縣,[604]嘉義縣竹崎鄉灣橋村387巷28號,(05)2790508,NA,120.721166,23.809905,23.4905951,120.5036499,1,0,86
新港鄉,540,1348,1348,國民小學,104633,縣立新港國小,嘉義縣,[616]嘉義縣新港鄉福德村登雲路105號,(05)3742039,NA,121.461784,23.341362,23.5555174,120.3459603,1,0,540
溪口鄉,92,1347,1347,國民小學,104632,縣立柳溝國小,嘉義縣,[623]嘉義縣溪口鄉柳溝村南靖厝5號,(05)2691071,偏遠,121.428547,23.285694,23.5767497,120.4138115,1,0,92
義竹鄉,235,1374,1374,國民小學,104661,縣立義竹國小,嘉義縣,[624]嘉義縣義竹鄉六桂村208號,(05)3412203,NA,121.622569,23.991018,23.3324379,120.2440609,1,0,235
中埔鄉,516,1395,1395,國民小學,104685,縣立和睦國小,嘉義縣,[606]嘉義縣中埔鄉和美村後庄16號,(05)2304511,NA,120.667892,23.99511,23.453018,120.460212,1,1,516
六腳鄉,149,1354,1354,國民小學,104639,縣立蒜頭國小,嘉義縣,[615]嘉義縣六腳鄉蒜頭村188號,(05)3802025,NA,120.868276,22.294293,23.4964097,120.2930943,1,1,149
太保市,903,1381,1381,國民小學,104671,縣立南新國小,嘉義縣,[612]嘉義縣太保市中山路一段140號,(05)2373005,NA,121.606227,23.971144,23.4970339,120.3835788,1,1,903
水上鄉,735,1383,1383,國民小學,104673,縣立水上國小,嘉義縣,[608]嘉義縣水上鄉水上村正義路182號,(05)2682073,NA,121.607044,23.991964,23.4282253,120.3972979,1,1,735
民雄鄉,907,1336,1336,國民小學,104621,縣立民雄國小,嘉義縣,[621]嘉義縣民雄鄉中樂村民族路43號,(05)2262022,NA,121.292314,22.956452,23.5553437,120.4294085,1,1,907
朴子市,1016,1318,1318,國民小學,104602,縣立大同國小,嘉義縣,[613]嘉義縣朴子市大同路239號,(05)3792144,NA,120.941524,22.462403,23.461311,120.2405472,1,1,1016
新港鄉,145,1350,1350,國民小學,104635,縣立月眉國小,嘉義縣,[616]嘉義縣新港鄉月眉村20鄰123號,(05)3772059,NA,120.96138,22.595122,23.5175007,120.3637277,1,1,145
西區,1281,2315,2315,國民小學,203617,市立興嘉國小,嘉義市,[600]嘉義市西區重慶路51號,(05)2860885,NA,120.43795,23.46525,23.4657748,120.4399094,1,1,1281
東區,1403,2299,2299,國民小學,203601,市立崇文國小,嘉義市,[600]嘉義市東區垂楊路241號,(05)2222310,NA,120.45285,23.47349,23.4726011,120.4537206,1,1,1403
二林鎮,887,982,982,國民小學,74736,縣立二林國小,彰化縣,[526]彰化縣二林鎮東和里斗苑路五段22號,(04)8960057,NA,120.553073,23.46411,23.8997956,120.3716058,1,1,887
大村鄉,688,935,935,國民小學,74689,縣立大村國小,彰化縣,[515]彰化縣大村鄉大村村中正西路381號,(04)8522794,NA,120.312862,23.514795,23.9937736,120.5457238,1,1,688
北斗鎮,745,958,958,國民小學,74712,縣立北斗國小,彰化縣,[521]彰化縣北斗鎮新政里文苑路一段32號,(04)8882008,NA,120.208154,23.30644,23.8754595,120.5233521,1,1,745
永靖鄉,1036,939,939,國民小學,74693,縣立永靖國小,彰化縣,[512]彰化縣永靖鄉永東村中山路二段65號,(04)8221812,NA,120.312222,23.500443,23.920611,120.5481571,1,1,1036
田中鎮,763,944,944,國民小學,74698,縣立田中國小,彰化縣,[520]彰化縣田中鎮南路里中州路177號,(04)8742013,NA,120.174362,23.471402,23.8580393,120.5874363,1,1,763
田尾鄉,620,963,963,國民小學,74717,縣立田尾國小,彰化縣,[522]彰化縣田尾鄉饒平村中山路一段449號,(04)8832745,NA,120.38373,23.497023,23.8915367,120.5284487,1,1,620
竹塘鄉,269,999,999,國民小學,74753,縣立竹塘國小,彰化縣,[525]彰化縣竹塘鄉竹塘村文化街20號,(04)8972039,NA,120.920679,24.394243,23.8607298,120.4287371,1,1,269
伸港鄉,690,881,881,國民小學,74635,縣立新港國小,彰化縣,[509]彰化縣伸港鄉和平路60號,(04)7982310,NA,120.849485,24.299095,24.1487073,120.4849998,1,1,690
秀水鄉,1017,903,903,國民小學,74657,縣立明正國小,彰化縣,[504]彰化縣秀水鄉埔崙村彰水路二段341號,(04)7692533,NA,120.250492,23.411474,24.0266029,120.4931037,1,1,1017
和美鎮,1268,874,874,國民小學,74628,縣立和東國小,彰化縣,[508]彰化縣和美鎮和東里彰美路五段210號,(04)7552724,NA,120.867647,24.382739,24.1087102,120.5016233,1,1,1268
社頭鄉,741,950,950,國民小學,74704,縣立社頭國小,彰化縣,[511]彰化縣社頭鄉社頭村社斗路一段258號,(04)8732039,NA,120.307414,23.411762,23.8974372,120.5866395,1,1,741
花壇鄉,1213,867,867,國民小學,74621,縣立花壇國小,彰化縣,[503]彰化縣花壇鄉長沙村學前路108號,(04)7862029,NA,120.761765,24.610127,24.0261919,120.5430352,1,1,1213
員林市,1945,928,928,國民小學,74682,縣立靜修國小,彰化縣,[510]彰化縣員林市南平里靜修路74號,(04)8320341,NA,120.37158,23.605881,23.962386,120.5655664,1,1,1945
埔心鄉,455,919,919,國民小學,74673,縣立埔心國小,彰化縣,[513]彰化縣埔心鄉義民村員鹿路二段254號,(04)8291494,NA,120.434865,23.557668,23.9529477,120.5453823,1,1,455
埔鹽鄉,392,915,915,國民小學,74669,縣立好修國小,彰化縣,[516]彰化縣埔鹽鄉好修村員鹿路二段149號,(04)8653555,NA,120.476683,23.59013,24.0072742,120.4596718,1,1,392
埤頭鄉,630,968,968,國民小學,74722,縣立合興國小,彰化縣,[523]彰化縣埤頭鄉合興村文鄉路161號,(04)8922030,NA,120.447935,23.425847,23.8940744,120.4594322,1,1,630
鹿港鎮,1595,1015,1015,國民小學,74771,縣立鹿東國小,彰化縣,[505]彰化縣鹿港鎮長安路125號,(04)7756521,NA,120.543208,24.026315,24.0585567,120.443284,1,1,1595
溪州鄉,350,973,973,國民小學,74727,縣立溪州國小,彰化縣,[524]彰化縣溪州鄉尾厝村中山路三段451號,(04)8895013,NA,120.52421,23.423083,23.8527892,120.4974097,1,1,350
溪湖鎮,927,909,909,國民小學,74663,縣立湖東國小,彰化縣,[514]彰化縣溪湖鎮湖東里大溪路二段423號,(04)8852062,NA,120.214091,23.419497,23.9639315,120.4823837,1,1,927
彰化市,2515,850,850,國民小學,74604,縣立南郭國小,彰化縣,[500]彰化縣彰化市彰化市中興路98號,(04)7280366,NA,121.008482,24.62934,24.071027,120.5470014,1,1,2515
福興鄉,395,895,895,國民小學,74649,縣立西勢國小,彰化縣,[506]彰化縣福興鄉西勢村員鹿路二段412號,(04)7772317,NA,120.246901,23.572998,24.0440417,120.437131,1,1,395
線西鄉,138,880,880,國民小學,74634,縣立曉陽國小,彰化縣,[507]彰化縣線西鄉頂犁村頂犁路158之1號,(04)7585370,NA,120.824783,24.312207,24.1214882,120.477797,1,1,138
二水鄉,261,955,955,國民小學,74709,縣立二水國小,彰化縣,[530]彰化縣二水鄉文化村光文路119號,(04)8792040,NA,120.337183,23.404822,23.8109622,120.6170364,1,0,261
二林鎮,213,988,988,國民小學,74742,縣立萬興國小,彰化縣,[526]彰化縣二林鎮永興里中央南街2號,(04)8682759,NA,120.591824,23.518497,23.9541428,120.4199914,1,0,213
大城鄉,40,996,996,國民小學,74750,縣立美豐國小,彰化縣,[527]彰化縣大城鄉三豐村東盛路1號,(04)8941660,偏遠,120.498622,23.507963,23.8850736,120.3016376,1,0,40
竹塘鄉,42,1002,1002,國民小學,74756,縣立長安國小,彰化縣,[525]彰化縣竹塘鄉長安村東陽路二段123號,(04)8972694,偏遠,120.604312,24.08649,23.8472092,120.3869512,0,1,42
芬園鄉,369,861,861,國民小學,74615,縣立芬園國小,彰化縣,[502]彰化縣芬園鄉彰南路四段27巷28號,(049)2522208,NA,120.809528,24.645664,24.0121841,120.628413,1,0,369
芳苑鄉,86,1004,1004,國民小學,74758,縣立芳苑國小,彰化縣,[528]彰化縣芳苑鄉芳苑村斗苑路芳苑段230號,(04)8983993,NA,120.580372,24.082665,23.9248192,120.3192327,1,0,86
員林市,214,932,932,國民小學,74686,縣立東山國小,彰化縣,[510]彰化縣員林市南東里山腳路四段212號,(04)8310749,NA,120.3517,23.520253,23.9679641,120.6012481,1,0,214
埔鹽鄉,54,918,918,國民小學,74672,縣立天盛國小,彰化縣,[516]彰化縣埔鹽鄉天盛村番金路68之1號,(04)8650842,偏遠,120.429436,23.555138,23.9843329,120.4283214,1,0,54
埤頭鄉,167,971,971,國民小學,74725,縣立中和國小,彰化縣,[523]彰化縣埤頭鄉中和村溪林路284號,(04)8895768,NA,120.409703,23.454443,23.8470789,120.4602601,1,0,167
鹿港鎮,210,888,888,國民小學,74642,縣立海埔國小,彰化縣,[505]彰化縣鹿港鎮海埔里鹿草路二段889號,(04)7781316,NA,120.229682,23.514005,24.083671,120.4441479,1,0,210
溪州鄉,68,977,977,國民小學,74731,縣立潮洋國小,彰化縣,[524]彰化縣溪州鄉潮洋村陸軍路一段146號,(04)8803059,偏遠,120.463166,23.452229,23.8139429,120.5192025,1,0,68
福興鄉,540,893,893,國民小學,74647,縣立管嶼國小,彰化縣,[506]彰化縣福興鄉廈粘村沿海路三段100號,(04)7702949,NA,120.207472,23.51856,24.0273414,120.4135602,1,0,540
線西鄉,590,879,879,國民小學,74633,縣立線西國小,彰化縣,[507]彰化縣線西鄉寓埔村中央路二段135號,(04)7585075,NA,120.936491,24.573676,24.131246,120.4697296,1,0,590
中山區,2153,2153,2153,國民小學,171601,私立聖心小學,基隆市,[203]基隆市中山區西定路166號,(02)24261546,,121.733536,25.13558,25.1352692,121.7341288,1,1,902
中正區,2158,2158,2158,國民小學,173605,市立八斗國小,基隆市,[202]基隆市中正區北寧路396巷52號,(02)24693391,,121.797204,25.138063,25.1380963,121.797648,1,1,463
古坑鄉,1176,1176,1176,國民小學,94613,縣立東和國小,雲林縣,[646]雲林縣古坑鄉東和村文化路120號,(05)5263153,,120.604764,23.829556,23.6846672,120.5681675,1,1,218
卑南鄉,1947,1947,1947,國民小學,144622,縣立利嘉國小,臺東縣,[954]臺東縣卑南鄉利嘉村利嘉路666號,(08)9380121,,120.292481,22.798857,22.776558,121.062103,1,1,61
芬園鄉,866,866,866,國民小學,74620,縣立茄荖國小,彰化縣,[502]彰化縣芬園鄉茄荖村嘉北街96號,(049)2523018,,120.734732,24.588097,24.0146333,120.6431194,1,1,103
芳苑鄉,1005,1005,1005,國民小學,74759,縣立後寮國小,彰化縣,[528]彰化縣芳苑鄉後寮村芳寮路30號,(04)8983184,,120.56853,24.092092,23.9205588,120.3415225,1,1,82
信義區,2194,2194,2194,國民小學,173641,市立深美國小,基隆市,[201]基隆市信義區深美街198號,(02)24654821,,121.777308,25.137471,25.1375999,121.778734,1,1,961
二水鄉,955,955,955,國民小學,74709,縣立二水國小,彰化縣,[530]彰化縣二水鄉文化村光文路119號,(04)8792040,,120.337183,23.404822,23.8109622,120.6170364,1,0,261
北投區,2508,2508,2508,國民小學,423608,市立大屯國小,臺北市,[112]臺北市北投區大屯里復興三路312號,,,121.504279,25.154731,25.1548986,121.5039974,1,0,114
七堵區,2179,2179,2179,國民小學,173626,市立七堵國小,基隆市,[206]基隆市七堵區明德一路184號,(02)24567116,NA,121.713618,25.09775,25.0977669,121.71362,1,1,988
八里區,1,1,1,國民小學,11602,私立聖心國小,新北市,[249]新北市八里區龍米路一段261號,(02)26182330,NA,120.629317,22.525607,25.1344344,121.4504758,1,1,624
三重區,201,201,201,國民小學,14803,市立集美國小,新北市,[241]新北市三重區集美街10號,(02)89725390,NA,121.451097,25.21748,25.0564706,121.4879933,1,1,2702
三峽區,212,212,212,國民小學,14815,市立龍埔國小,新北市,[237]新北市三峽區大學路6號,(02)26745666,NA,121.501183,25.201252,24.9410218,121.3775919,1,1,1672
土城區,53,53,53,國民小學,14649,市立廣福國小,新北市,[236]新北市土城區學府路一段127號,(02)22626782,NA,121.54285,25.079432,24.9868426,121.4547519,1,1,2627
中和區,37,37,37,國民小學,14633,市立中和國小,新北市,[235]新北市中和區中和路100號,(02)22492550,NA,120.223076,22.988386,24.9997062,121.5016103,1,1,2923
五股區,140,140,140,國民小學,14741,市立成州國小,新北市,[248]新北市五股區成泰路三段493號,(02)22933613,NA,121.670699,25.079384,25.0997414,121.4506619,1,1,1368
仁愛區,2165,2165,2165,國民小學,173612,市立信義國小,基隆市,[200]基隆市仁愛區仁二路135號,(02)24213960,NA,121.746796,25.127488,25.1274807,121.7469014,1,1,1353
永和區,46,46,46,國民小學,14642,市立秀朗國小,新北市,[234]新北市永和區得和路202號,(02)29420451,NA,121.567099,25.055571,24.9994362,121.5221705,1,1,3402
安樂區,2186,2186,2186,國民小學,173633,市立建德國小,基隆市,[204]基隆市安樂區安和一街392號,(02)24313034,NA,121.722075,25.124868,25.124726,121.7224764,1,1,1192
板橋區,10,10,10,國民小學,14605,市立莒光國小,新北市,[220]新北市板橋區華翠里莒光路163號,(02)22517272,NA,121.73066,25.15416,25.0260744,121.4735579,1,1,3100
林口區,200,200,200,國民小學,14802,市立麗林國小,新北市,[244]新北市林口區公園路46號,(02)26008457,NA,121.476527,25.185817,25.0687415,121.3679032,1,1,1916
泰山區,209,209,209,國民小學,14812,市立義學國小,新北市,[243]新北市泰山區民生路30號,(02)22972048,NA,121.545065,25.288911,25.0522369,121.4308926,1,1,1410
海端鄉,2005,2005,2005,國民小學,144695,縣立初來國小,臺東縣,[957]臺東縣海端鄉海端村七鄰5號,(08)9931049,偏遠,120.629386,22.322624,23.1305611,121.1756856,1,0,52
崙背鄉,1259,1259,1259,國民小學,94697,縣立豐榮國小,雲林縣,[637]雲林縣崙背鄉豐榮村豐榮路21號,(05)6552006,NA,120.970323,23.961071,23.7925326,120.3120054,1,1,98
淡水區,182,182,182,國民小學,14783,市立新興國小,新北市,[251]新北市淡水區新興街123號,(02)26203645,NA,121.763724,25.100347,25.1801369,121.4395436,1,1,1685
深坑區,80,80,80,國民小學,14676,市立深坑國小,新北市,[222]新北市深坑區深坑里文化街45號,(02)26624675,偏遠,120.313139,22.621747,25.0015325,121.6163876,1,1,801
新店區,193,193,193,國民小學,14794,市立北新國小,新北市,[231]新北市新店區寶橋路8號,(02)29189300,NA,121.73745,25.027354,24.9738189,121.5447711,1,1,2136
新莊區,135,135,135,國民小學,14736,市立光華國小,新北市,[242]新北市新莊區龍安路452號,(02)22058866,NA,121.441935,24.972383,25.0181531,121.4246515,1,1,3329
暖暖區,2190,2190,2190,國民小學,173637,市立碇內國小,基隆市,[205]基隆市暖暖區源遠路258號,(02)24581300,NA,121.754113,25.0981,25.0985044,121.7540658,1,1,768
瑞芳區,88,88,88,國民小學,14686,市立瑞芳國小,新北市,[224]新北市瑞芳區龍川里中山路2號,(02)24972058,偏遠,121.51731,25.014492,25.1078152,121.8047246,1,1,721
褒忠鄉,1230,1230,1230,國民小學,94668,縣立復興國小,雲林縣,[634]雲林縣褒忠鄉新湖村復興路71號,(05)6972490,偏遠,120.384692,24.006965,23.7046813,120.2840995,1,1,37
樹林區,18,18,18,國民小學,14614,市立文林國小,新北市,[238]新北市樹林區潭底里千歲街59號,(02)26812625,NA,120.953205,24.790949,24.9976805,121.4243593,1,1,1534
蘆洲區,206,206,206,國民小學,14808,市立忠義國小,新北市,[247]新北市蘆洲區光榮路99號,(02)22899591,NA,121.460248,25.147534,25.0898747,121.4634969,1,1,2866
鶯歌區,24,24,24,國民小學,14620,市立鶯歌國小,新北市,[239]新北市鶯歌區同慶里尖山埔路106號,(02)26792038,NA,120.659473,24.119516,24.9510157,121.3461552,1,1,1363
瑞芳區,90,90,90,國民小學,14688,市立瑞柑國小,新北市,[224]新北市瑞芳區明燈路一段18巷13號,(02)24971009,偏遠,121.372987,24.939198,25.1092255,121.8226618,1,0,76
瑞芳區,92,92,92,國民小學,14690,市立九份國小,新北市,[224]新北市瑞芳區永慶里崙頂路145號,(02)24972263,偏遠,121.45335,25.019421,25.1072093,121.8436,0,1,31